[
    "https://telegra.ph/file/2b1930db32c07b8c5a7a7.jpg",
    "https://telegra.ph/file/ab46dc7424641a12fabf3.jpg",
    "https://telegra.ph/file/439ce2b2535652f727b0f.jpg",
    "https://telegra.ph/file/6b8380d4f39f9c229748b.jpg",
    "https://telegra.ph/file/04b500c1be432609ffecc.jpg",
    "https://telegra.ph/file/f94fb69d8c2c240605e41.jpg",
    "https://telegra.ph/file/cfa50cad8b19e76e4b678.jpg",
    "https://telegra.ph/file/fff4010e1aabfc052ff5b.jpg",
    "https://telegra.ph/file/60191c199509f3ac6459c.jpg",
    "https://telegra.ph/file/ff74f9dfe69a0d8248d82.jpg",
    "https://telegra.ph/file/fa7f81d67ba8a2d89aa2d.jpg",
    "https://telegra.ph/file/e16fa598e3319e96f9d9f.jpg",
    "https://telegra.ph/file/a1997d69c028838cc6261.jpg",
    "https://telegra.ph/file/d8057031b0d9c7ed8dbbf.jpg",
    "https://telegra.ph/file/ff5fd34e42ded9b4f7698.jpg",
    "https://telegra.ph/file/3f07cebea0e1433649f84.jpg",
    "https://telegra.ph/file/941cdbc35afa9b2fd77b1.jpg",
    "https://telegra.ph/file/745520c69f08e0d2c5590.jpg",
    "https://telegra.ph/file/ff80288262cfdf457c7ec.jpg",
    "https://telegra.ph/file/7dd9f97dcce7950b597ab.jpg",
    "https://telegra.ph/file/eb75a91b96544d3def6c7.jpg",
    "https://telegra.ph/file/73a1a7793d04805eb86cd.jpg",
    "https://telegra.ph/file/da60fc6ac73e87040b5e4.jpg",
    "https://telegra.ph/file/d24ae592aeb809d743ad7.jpg",
    "https://telegra.ph/file/1fb95c9667fb1bb8bd3e8.jpg",
    "https://telegra.ph/file/a1f53415d346acfd2b012.jpg",
    "https://telegra.ph/file/9492d2e6d43d37c5fa5a6.jpg",
    "https://telegra.ph/file/7bdc707f124a563a15919.jpg",
    "https://telegra.ph/file/4556918cc51086337b5a8.jpg",
    "https://telegra.ph/file/14c7b1ee8efce2c96cbc4.jpg",
    "https://telegra.ph/file/9951cfb4ee90e6fc16858.jpg",
    "https://telegra.ph/file/b894e585712f970aa3ac3.jpg",
    "https://telegra.ph/file/7a42c0e113aa398880ce0.jpg",
    "https://telegra.ph/file/864f6c990738fb9d002d2.jpg",
    "https://telegra.ph/file/0c3de5efc5e10be5985aa.jpg",
    "https://telegra.ph/file/b4a40c5700e2c97edd1ff.jpg",
    "https://telegra.ph/file/6997f5a809001a161b33c.jpg",
    "https://telegra.ph/file/1687dd4e017bb425188b5.jpg",
    "https://telegra.ph/file/554c270bbcc376a92ec02.jpg",
    "https://telegra.ph/file/b29e71ff695f6f9c17ee3.jpg",
    "https://telegra.ph/file/77c7dac34ee5db3e8eae4.jpg",
    "https://telegra.ph/file/65b58b0ff68fb3f371b1e.jpg",
    "https://telegra.ph/file/4a42795fbe9ac9b39af24.jpg",
    "https://telegra.ph/file/658101873286949ca386d.jpg",
    "https://telegra.ph/file/0c6735e4730e54ed3a149.jpg"
{"url":"https://i.imgur.com/5Gy4Ae2.jpg"},
{"url":"https://i.imgur.com/FXp0hGU.jpg"},
{"url":"https://i.imgur.com/tU8GBob.jpg"},
{"url":"https://i.imgur.com/RtIXKxC.jpg"},
{"url":"https://i.imgur.com/a6pBhe9.png"},
{"url":"https://i.imgur.com/xo9ML6M.jpg"},
{"url":"https://i.imgur.com/KKlDXsK.jpg"},
{"url":"https://i.imgur.com/STBCw2H.png"},
{"url":"https://i.imgur.com/TeKeKc4.jpg"},
{"url":"https://i.imgur.com/I96qZO1.jpg"},
{"url":"https://i.imgur.com/OSV4mr2.jpg"},
{"url":"https://i.imgur.com/Vkpw2lP.jpg"},
{"url":"https://i.imgur.com/vNkuk9X.jpg"},
{"url":"https://i.imgur.com/u0QSm8h.png"},
{"url":"https://i.imgur.com/orXLh6Q.png"},
{"url":"https://i.imgur.com/XB3ddkI.jpg"},
{"url":"https://i.imgur.com/vUvbdkP.jpg"},
{"url":"https://i.imgur.com/tT8fpNP.jpg"},
{"url":"https://i.imgur.com/jQxRZd6.jpg"},
{"url":"https://i.imgur.com/DWTELtS.jpg"},
{"url":"https://i.imgur.com/H4Efb3W.jpg"},
{"url":"https://i.imgur.com/AG4VSlz.jpg"},
{"url":"https://i.imgur.com/IKPk8Fn.jpg"},
{"url":"https://i.imgur.com/55tfVR6.jpg"},
{"url":"https://i.imgur.com/DH7ZhK2.jpg"},
{"url":"https://i.imgur.com/0tpqKAn.jpg"},
{"url":"https://i.imgur.com/8HFNNP9.jpg"},
{"url":"https://i.imgur.com/VFE29f0.png"},
{"url":"https://i.imgur.com/NTB4Ets.jpg"},
{"url":"https://i.imgur.com/DP6PAIX.png"},
{"url":"https://i.imgur.com/H4QObui.jpg"},
{"url":"https://i.imgur.com/Q76FGLD.jpg"},
{"url":"https://i.imgur.com/1UsHgyG.jpg"},
{"url":"https://i.imgur.com/efugtug.jpg"},
{"url":"https://i.imgur.com/oceGGfa.jpg"},
{"url":"https://i.imgur.com/LUMcFrc.jpg"},
{"url":"https://i.imgur.com/3ghty1m.jpg"},
{"url":"https://i.imgur.com/DI2L8QK.jpg"},
{"url":"https://i.imgur.com/WTPyukP.jpg"},
{"url":"https://i.imgur.com/OOhoCoQ.jpg"},
{"url":"https://i.imgur.com/1KqzRgF.jpg"},
{"url":"https://i.imgur.com/BMQTV59.jpg"},
{"url":"https://i.imgur.com/foosdbg.jpg"},
{"url":"https://i.imgur.com/T4I5qmn.jpg"},
{"url":"https://i.imgur.com/SZhWCQj.png"},
{"url":"https://i.imgur.com/r9Xe3Ku.jpg"},
{"url":"https://i.imgur.com/5AjjS3F.jpg"},
{"url":"https://i.imgur.com/vwaCltl.jpg"},
{"url":"https://i.imgur.com/vAz3s0G.jpg"},
{"url":"https://i.imgur.com/A8Rgyz2.jpg"},
{"url":"https://i.imgur.com/OMnMukk.jpg"},
{"url":"https://i.imgur.com/K5LS2p7.jpg"},
{"url":"https://i.imgur.com/Npvdm9T.jpg"},
{"url":"https://i.imgur.com/YwpdGCI.jpg"},
{"url":"https://i.imgur.com/pYoH5bm.jpg"},
{"url":"https://i.imgur.com/6UGTYFV.jpg"},
{"url":"https://i.imgur.com/UhzImzH.jpg"},
{"url":"https://i.imgur.com/Z37WIwP.jpg"},
{"url":"https://i.imgur.com/fzcpkqX.jpg"},
{"url":"https://i.imgur.com/QbbEibV.jpg"},
{"url":"https://i.imgur.com/KxcTAzy.jpg"},
{"url":"https://i.imgur.com/ngSWgTT.jpg"},
{"url":"https://i.imgur.com/ss8MumR.jpg"},
{"url":"https://i.imgur.com/2JE0VvF.jpg"},
{"url":"https://i.imgur.com/WdAdtQi.jpg"},
{"url":"https://i.imgur.com/ExfC7t2.jpg"},
{"url":"https://i.imgur.com/eIW7iBI.jpg"},
{"url":"https://i.imgur.com/ZMLS8Ru.jpg"},
{"url":"https://i.imgur.com/4amKFCf.jpg"},
{"url":"https://i.imgur.com/S6Gjf0q.jpg"},
{"url":"https://i.imgur.com/65eT6Im.jpg"},
{"url":"https://i.imgur.com/aSipcLd.jpg"},
{"url":"https://i.imgur.com/pxFagWe.jpg"},
{"url":"https://i.imgur.com/bwtxjHo.jpg"},
{"url":"https://i.imgur.com/NPNF7HK.jpg"},
{"url":"https://i.imgur.com/xSGybIA.jpg"},
{"url":"https://i.imgur.com/Y5UCft4.jpg"},
{"url":"https://i.imgur.com/SrmyNi1.jpg"},
{"url":"https://i.imgur.com/daCe3lE.jpg"},
{"url":"https://i.imgur.com/UHByRe6.jpg"},
{"url":"https://i.imgur.com/prlcgQg.jpg"},
{"url":"https://i.imgur.com/nHQp9Jc.jpg"},
{"url":"https://i.imgur.com/fsQCEn0.jpg"},
{"url":"https://i.imgur.com/XIx0IgX.jpg"},
{"url":"https://i.imgur.com/PVOYTDz.jpg"},
{"url":"https://i.imgur.com/JUDbqn3.jpg"},
{"url":"https://i.imgur.com/7j9DJFD.jpg"},
{"url":"https://i.imgur.com/T5NBJP6.jpg"},
{"url":"https://i.imgur.com/8sdegHR.jpg"},
{"url":"https://i.imgur.com/4417phO.jpg"},
{"url":"https://i.imgur.com/QGNVBGE.jpg"},
{"url":"https://i.imgur.com/6RXigzC.jpg"},
{"url":"https://i.imgur.com/iymw1WJ.jpg"},
{"url":"https://i.imgur.com/XWf4bxA.jpg"},
{"url":"https://i.imgur.com/1swVUEF.png"},
{"url":"https://i.imgur.com/l1qv8CS.png"},
{"url":"https://i.imgur.com/7cdN0FF.png"},
{"url":"https://i.imgur.com/kFL1d7F.png"},
{"url":"https://i.imgur.com/GZAG3Br.png"},
{"url":"https://i.imgur.com/MHFoUHu.png"},
{"url":"https://i.imgur.com/qtLSDCd.png"},
{"url":"https://i.imgur.com/ocsC8sb.png"},
{"url":"https://i.imgur.com/4r302Tj.png"},
{"url":"https://i.imgur.com/GwxzusL.png"},
{"url":"https://i.imgur.com/NjgXtpR.png"},
{"url":"https://i.imgur.com/4hEk1Sj.png"},
{"url":"https://i.imgur.com/BYtJXbK.png"},
{"url":"https://i.imgur.com/wsrqfa6.png"},
{"url":"https://i.imgur.com/loG4Ikx.png"},
{"url":"https://i.imgur.com/z0XKC8e.png"},
{"url":"https://i.imgur.com/xaWsood.png"},
{"url":"https://i.imgur.com/yYvpe41.png"},
{"url":"https://i.imgur.com/xA4IiRK.png"},
{"url":"https://i.imgur.com/FLzX4Ag.png"},
{"url":"https://i.imgur.com/G5m0OVU.png"},
{"url":"https://i.imgur.com/xXdsjF0.png"},
{"url":"https://i.imgur.com/Wvb1tAw.png"},
{"url":"https://i.imgur.com/xEX3l29.png"},
{"url":"https://i.imgur.com/rVZ6zet.png"},
{"url":"https://i.imgur.com/VKyHhAH.png"},
{"url":"https://i.imgur.com/h06LAgD.png"},
{"url":"https://i.imgur.com/q51mnry.png"},
{"url":"https://i.imgur.com/sM23kNv.png"},
{"url":"https://i.imgur.com/S2B9dfE.png"},
{"url":"https://i.imgur.com/LEqNv2B.png"},
{"url":"https://i.imgur.com/GenlAx5.png"},
{"url":"https://i.imgur.com/odMI0Qih.jpg"}
]
