[
{"question": "¿Cuantas veces ha muerto Krilin en Dragon Ball hasta ahora?\n\nA) 3\n\nB) 4\n\nC) 5", "response": "A" },
  
{"question": "¿Cómo se llama el papá terrícola de Gokú?\n\nA) Bardock\n\nB) Goten\n\nC) Gohan", "response": "A" },
  
{"question": "¿A que país le pertenece la capital denominada la ciudad del amor?\n\nA) Italia\n\nB) Rumania\n\nC) Francia", "response": "C" },

{"question": "¿Cuántos años dura un plastico en descomponerse?\n\nA) 15-30 años\n\nB) 50-75 años\n\nC) 100-1000 años", "response": "C" },

{"question": "¿A que país le pertenece la capital llamada budapest?\n\nA) Hungria\n\nB) Rumania\n\nC) Paices Bajos", "response": "A" },

{"question": "¿Cuantos balones de oro posee Ronaldinho Gaucho?\n\nA) 1\n\nB) 2\n\nC) 0", "response": "A" },

{"question": "País denominado la cuna del futbol\n\nA) Argentina\n\nB) Brasil\n\nC) Todas son correctas", "response": "B" },

{"question": "¿Cuál es el país más grande del mundo?\n\nA) Rusia\n\nB) China\n\nC) Francia", "response": "A" },

{"question": "¿Cuantas peliculas existen de Harry Potter?\n\nA) 8 Peliculas\n\nB) 7 Peliculas\n\nC) 10 Peliculas", "response": "A" },

{"question": "Bebida nacional de Argentina\n\nA) Fernet\n\nB) Tereré\n\nC) Todas son correctas", "response": "A" },

{"question": "¿Cuántos años posee la serie de Los Simpson?\n\nA) 33 Años\n\nB) 34 Años\n\nC) 36 Años", "response": "C" },

{"question": "¿Cuantas horas son 7 días?\n\nA) 148 Horas\n\nB) 168 Horas\n\nC) 156 Horas", "response": "B" },

{"question": "¿Cuantas temporadas posee la serie The Walking Dead?\n\nA) 12 Temporadas\n\nB) 11 Temporadas\n\nC) 18 Temporadas", "response": "B" },

{"question": "Color creado aparte de mezclar Azul y Rojo\n\nA) Lila\n\nB) Violeta\n\nC) Bermellon", "response": "B" },

{"question": "La persona más rica actualmente\n\nA) Elon Musk\n\nB) Bernard Arnault \n\nC) Jeff Bezos", "response": "B" },

{"question": "Creador de la empresa Space X\n\nA) Daniel Scotland\n\nB) Elon Musk\n\nC) Mark Zuckerberg", "response": "B" },

{"question": "Nombre científico del Agua\n\nA) Oxidano\n\nB) Aqua\n\nC) H2O", "response": "A" },

{"question": "País que tradicionalmente toma Mate\n\nA) Argentina\n\nB) Paraguay\n\nC) Todas son Correctas", "response": "A" },
  
{"question": "¿Que es la bebida paraguaya llamada Tereré?\n\nA) Mate con edulcorantes\n\nB) Mate con Alcohol\n\nC) Mate con Jugo", "response": "C" },

{"question": "¿Cuantas peliculas existen del Anti-heroe llamado Deadpool?\n\nA) 4 Peliculas\n\nB) 2 Peliculas\n\nC) 3 Peliculas", "response": "C" },

{"question": "¿Cómo se llama la hija de Gohan?\n\nA) Pam\n\nB) Bidel\n\nC) Pao Pao", "response": "A" },

{"question": "¿Como se alimentan las plantas?\n\nA) Atraves del Agua y Sol\n\nB) Fotosintesis\n\nC) Nutrientes de la tierra", "response": "B" },

{"question": "¿Cuál es el país más poblado del continente africano? \n\nA) Camerún\n\nB) Nigeria\n\nC) Egipto", "response": "B" },

{"question": "País mas poblado del mundo\n\nA) China\n\nB) India\n\nC) Ninguna es correcta", "response": "B" },

{"question": "¿Como se les llama a los ciudadanos de Pakistán?\n\nA) Pakistaní\n\nB) Pakistanos\n\nC) Pakestanos", "response": "A" },

{"question": "¿Cómo se dice cuando un jugador marca un total de 3 goles en 1 partido?\n\nA) Hat-Trick\n\nB) Triplete\n\nC) Todas son correctas", "response": "C" },

{"question": "Ganador balon de oro edicion 2010\n\nA) Xavi\n\nB) Lionel Messi\n\nC) Cristiano Ronaldo", "response": "B" },

{"question": "¿Cada cuantos años es un año bisiesto?\n\nA) Cada 2 Años\n\nB) Cada 3 años\n\nC) Cada 4 años", "response": "C" },

{"question": "Ejercito militar apodado ejercito rojo durante la Segunda Guerra Mundial\n\nA) Ejercito de la Union Sovietica\n\nB) Ejercito Nazi\n\nC) Ejercito Britanico", "response": "Aaq" },

{"question": "¿Contra quien lucho alemania durante el apodado DIA D?\n\nA) Ejercito Estadounidense\n\nB) Ejercito Britanico\n\nC) Todas son correctas", "response": "C" }, 

{"question": "¿Cuánto es 2x-1+1?\n\nA) -3\n\nB) 0\n\nC) -1", "response": "C" },

{"question": "¿Como se llama el creador de la empresa META?\n\nA) Mark Zuckerberg\n\nB) Daniel Scotland\n\nC) Elon Musk", "response": "A" },

{"question": "Nacionalidad del fundador de la marca Gucci\n\nA) Italiano\n\nB) Francés\n\nC) Estadounidense", "response": "A" },

{"question": "¿Cuántos tipos de energía existen?\n\nA) 5 tipos\n\nB) 6 tipos\n\nC) 7 tipos", "response":"C" },

{"question": "Equipo de Futbol con mas trofeos oficiales del mundo\n\nA) Real Madrid\n\nB) River Plate\n\nC) Bayern Munich", "response": "C" }, 

{"question": "¿Como se llama la liga de futbol de U.S.A\n\nA) MSN\n\nB) MLS\n\nC) MPS", "response": "B" },

{"question": "Jugador de futbol con mayor cantidad de amonestaciones recibidas (AMARILLAS)\n\nA) Marcelo\n\nB) Dani Alves\n\nC) Sergio Ramos", "response": "B" }, 

{"question": "Presidente actual de Brasil\n\nA) Jair Bolsonaro\n\nB) Lula Da Silva\n\nC) Beatriz Da Silva", "response": "B" }, 

{"question": "¿Qué es más importante para sobrevivir varios días?\n\nA) IHidratarse\n\nB) Comer\n\nC) Ninguna es correcta", "response": "A" },

{"question": "¿Cuantas transformaciones obtuvo Goku a lo largo de su vida ADULTA?\n\nA) 8 Transformaciones\n\nB) 7 Transformaciones\n\nC) 6 Transformaciones", "response": "A" },

{"question": "¿Que eran los seres denominados Neandertales? \n\nA) Seres Super Evolucionado\n\nB) Seres Canibalesi\n\nC) Seres Similares a los Humanos", "response": "C" },

{"question": "Pais que posee el clima mas frio del mundo \n\nA) Antartida\n\nB) Rusia\n\nC) ", "Canadá": "A" }, 

{"question": "Pais que posee el clima mas caliente del mundo \n\nA) Estados Unidos\n\nB) China\n\nC) Iran", "response": "A" },

{"question": "Nombre de la familia que pertenece Obito de Naruto \n\nA) Familia Hyuga\n\nB) Familia Uchiha\n\nC) Familia Uzumaki", "response": "B" },

{"question": "Nombre de Whiskey considerada un elixir reconocida por sus memes \n\nA) Black Label \n\nB) Ninguna es correcta\n\nC) Red Label", "response": "B" },

{"question": "Cocodrilo que se duerme... \n\nA) Se lo lleva la corriente\n\nB) Es cartera\n\nC) Todas son correctas", "response": "C" },

{"question": "Cantidad de minutos que posee 1 dia \n\nA) 1440 minutos\n\nB) 1680 minutos\n\nC) 1890 Minutos", "response": "A" },

{"question": "¿Cual es el pais con creencias en dioses \n\nA) Egipto\n\nB) Grecia\n\nC) Todas son correctas", "response": "C" },

{"question": "¿El sueño que tipo de necesidad es? \n\nA) Primaria\n\nB) Secundaria\n\nC) Supervivencia", "response": "A" },

{"question": "¿Cuantos integrantes tiene la familia Simpson? \n\nA) 5 Integrantes\n\nB) 7 Integrantes\n\nC) 9 Integrantes", "response": "A" },

{"question": "Nombre de la Aldea en la que vive Naruto \n\nA) Konoha\n\nB) Aldea Oculta entre las Hojas\n\nC) Todas son correctas", "response": "C" },

{"question": "¿Como se le dice a una persona que lee el futuro atraves de las carta? \n\nA) Tarotista\n\nB) Espiritista\n\nC) Bruja", "response": "A" },

{"question": "¿Que es un Mandril?  \n\nA) Un tipo de Ave\n\nB) Un tipo de primate\n\nC) Un tipo de herramienta", "response": "B" },

{"question": "Capital de Moscú \n\nA) Rusia\n\nB) Ucrania\n\nC) Ninguna es correcta", "response": "C" },

{"question": "El que se fue a Sevilla... \n\nA) Perdio su Silla\n\nB) Nadie lo Pilla\n\nC) Todas son correctas", "response": "A" },

{"question": "¿Cual de estas estaciones climaticas en ingles exiten? \n\nA) Windy\n\nB) Clouth\n\nC) Todas son correctas", "response": "A" },

{"question": "¿Que es un verbo?  \n\nA) Una descripcion\n\nB) Una accion\n\nC) Un pronombre", "response": "B" },

{"question": "¿Que animal se comunica atraves de ondas? \n\nA) Beluga\n\nB) Murcielago\n\nC) Todas son correctas", "response": "C" }
]
